model,AUROC,AUPRC
Logistic Regression,0.8861794206997695,0.05395354096785143
Random Forest,0.9090522208254767,0.05127772142141318
CatBoost,0.9323031243452755,0.07442732525085544
